{
  "schema": {
"SIDRequestHeader":
{
  "type": "object",
  "properties":{
          "ServiceNowReqId": {
            "type": "string",
            "title": "ServiceNowReqId"
          },
          "Requestor": {
                        "type": "object",
                        "title": "Requestor",
                        "properties": {
                          "FirstName": {
                            "type": "string",
                            "title": "First Name"
                          },
                          "LastName": {
                            "type": "string",
                            "title": "Last Name"
                          },
                          "EmailAddress": {
                            "type": "string",
                            "title": "Email Address"
                          },
                          "UID": {
                            "type": "string",
                            "title": "UID"
                          }
                        }
          },
            "Supervisor": {
                          "type": "object",
                          "title": "Supervisor",
                          "properties": {
                            "FirstName": {
                              "type": "string",
                              "title": "First Name"
                            },
                            "LastName": {
                              "type": "string",
                              "title": "Last Name"
                            },
                            "EmailAddress": {
                              "type": "string",
                              "title": "Email Address"
                            },
                            "UID": {
                              "type": "string",
                              "title": "UID"
                            }
                          }
            },
    "Submitteddate": {
      "type": "string",
      "title": "Submitted date"
    },
    "ProjectName": {
      "type": "string",
      "title": "Project Name"
    },
    "AppPrefix": {
      "type": "string",
      "title": "Application Prefix"
    },
    "Platform": {
      "type": "string",
      "title": "Platform"
    },
    "Describeaccessneeded": {
      "type": "string",
      "title": "Describe access needed"
    },
    "IDRequest": {
      "type": "string",
      "title": "ID Request"
    },
     "SecurityElement": {
      "type": "string",
      "title": "Security Element"
    },
     "RequestComments": {
      "type": "string",
      "title": "Request Comments"
    }
    
}
  },
"SIDRequestBody":{
          "type": "object",
            "properties":{
                            "ServiceId": {
                                          "type": "string",
                                          "title": "Service ID"
                                        },
                            "Environment": {
                                          "type": "string",
                                          "title": "Environment"
                                        },
                            "Database":{
                                          "type":"object",
                                          "properties":{
                                             "Database Name": {
                                                              "type": "string",
                                                              "title": "Database Name",
                                                               "enum": [ "priame32.cwbfmvzruoyk.ap-southeast-2.rds.amazonaws.com",
                                                                         "priame31.cwbfmvzruoyk.ap-southeast-2.rds.amazonaws.com",
                                                                         "priame33.cwbfmvzruoyk.ap-southeast-2.rds.amazonaws.com"
                                                                      ]
                                                            },
                                             "AWSAccount": {
                                                              "type": "string",
                                                              "title": "AWS Account",
                                                              "enum": [ "vgi-esf-eng","vgi-esf-test","vgi-esf-prod" ]
                                                            },    
                                            "AWSRegion": {
                                                              "type": "string",
                                                              "title": "AWSRegion",
                                                              "enum": [ "us-east-1","us-east-2","us-west-1" ]
                                                            }
                                                        }
                                        },
                              "SchemaName": {
                                          "type": "string",
                                          "title": "SchemaName"
                                            },
                                "Permissions": {
                                                      "type": "array",
                                                      "title":"Permissions",
                                                      "items": {
                                                        "type": "object",
                                                        "properties": {
                                                          "ObjectType": {
                                                            "type": "string",
                                                            "title": "ObjectType",
                                                             "enum": [
                                                                      "Table",
                                                                      "View",
                                                                      "Sequences",
                                                                      "StoredProcedures"
                                                                    ]
                                                          },
                                                          "ObjectName": {
                                                            "type": "string",
                                                            "title": "ObjectName"
                                                          },
                                                          "Action": {
                                                            "type": "string",
                                                            "title": "Action",
                                                            "enum": [ "GRANT","REVOKE" ]
                                                          },
                                                          "Access": {
                                                            "type": "array",
                                                            "title": "Access",
                                                              "items": {
                                                                    "type": "string",
                                                                    "title": "Access",
                                                                    "enum": [
                                                                      "select",
                                                                      "insert",
                                                                      "update",
                                                                      "delete"
                                                                    ]
                                                                  }
                                                          }
                                                        }
                                                      }
                                              },
                                    "SecretStore": {
                                      "type": "array",
                                      "title":"SecretStore",
                                      "items": {
                                        "type": "object",
                                                        "properties": {
                                                          "Type": {
                                                            "type": "string",
                                                            "title": "Type"
                                                          },
                                                          "AppPrefix": {
                                                            "type": "string",
                                                            "title": "AppPrefix"
                                                          },
                                                           "ProviderPlatform": {
                                                            "type": "string",
                                                            "title": "ProviderPlatform"
                                                          },
                                                           "SysLevel": {
                                                            "type": "string",
                                                            "title": "SysLevel"
                                                          },
                                                           "AccountPlatform": {
                                                            "type": "string",
                                                            "title": "AccountPlatform"
                                                          },
                                                           "BackendSystem": {
                                                            "type": "string",
                                                            "title": "BackendSystem",
                                                            "enum": [ "priame32.cwbfmvzruoyk.ap-southeast-2.rds.amazonaws.com",
                                                                         "priame31.cwbfmvzruoyk.ap-southeast-2.rds.amazonaws.com",
                                                                         "priame33.cwbfmvzruoyk.ap-southeast-2.rds.amazonaws.com"
                                                                      ]
                                                          },
                                                           "ServiceId": {
                                                            "type": "string",
                                                            "title": "ServiceId"
                                                          },
                                                           "ProviderServer": {
                                                            "type": "string",
                                                            "title": "ProviderServer"
                                                          },
                                                           "ExecutingID": {
                                                            "type": "string",
                                                            "title": "ExecutingID"
                                                          }
                                                          }
                                      }
                                    }   
                          }
                }

  }
}
